Suntory Torys Classic,£30.45,3,70cl / 37%Suntory Toki,£31.95,4,70cl / 43%Akashi Blended Whisky,£32.75,3.5,50cl / 40%Hatozaki Blended Japanese Whisky,£33.45,3,70cl / 40%Nikka Days,£38.95,5,70cl / 40%Nikka From the Barrel,£40.95,4.5,50cl / 51.4%Togouchi Premium Blended Whisky,£44.95,4.5,70cl / 40%Nikka Pure Malt Black,£46.45,4.5,50cl / 43%Nikka Pure Malt Red,£46.45,5,50cl / 43%Hatozaki Pure Malt Japanese Whisky,£41.75,5,70cl / 46%Suntory Chita Whisky,£49.95,4.5,70cl / 43%Super Nikka
Rare Old,£50.25,4.5,70cl / 43%Nikka Coffey Grain Whisky,£54.95,4.5,70cl / 45%Nikka Coffey Malt Whisky,£58.45,4.5,70cl / 45%Nikka From The Barrel Jigger + 2 Glasses Pack,£58.45,5,50cl / 51.4%Mars Maltage Cosmo,£58.95,4,70cl / 43%Suntory Kakubin Yellow Label,£59.45,4.5,70cl / 40%Suntory Hakushu Distiller's Reserve,£63.95,4.5,70cl / 43%Suntory Yamazaki Distiller's Reserve,£64.95,4.5,70cl / 43%Suntory Hibiki Harmony,£66.95,4,70cl / 43%Ichiro's Malt & Grain Japanese Whisky,£72.95,5,70cl / 46.5%Nikka Taketsuru Pure Malt,£74.95,4.5,70cl / 43%Nikka Yoichi Single Malt,£74.95,4.5,70cl / 45%Nikka Miyagikyo Single Malt,£74.95,5,70cl / 45%Yamazakura 963
8 Year Old,£77.95,5,70cl / 59%Togouchi 9 Year Old,£79.95,5,70cl / 40%Togouchi Whisky 12 Year Old,£80.95,4,70cl / 40%Kaiyo Mizunara Oak,£82.95,5,70cl / 43%The Nikka 12 Year Old,£105,5,70cl / 43%Kaiyo Mizunara Oak Cask Strength,£110,5,70cl / 53%Ichiro's Malt MWR
Mizunara Wood Reserve,£115,5,70cl / 46.5%Ichiro's Malt Wine Wood Reserve,£115,5,70cl / 46.5%Suntory Yamazaki 12 Year Old,£125,4.5,70cl / 43%Akashi 5 Year Old
Sherry Cask Half Litre,£150,5,50cl / 50%Suntory Hakushu 12 Year Old,£175,4.5,70cl / 43%Suntory Hakushu 10 Year Old,£299,5,70cl / 40.5%Suntory Hibiki 12 Year Old
Half Litre,£399,5,50cl / 43%Suntory Hibiki 17 Year Old,£550,5,70cl / 43%Suntory Hakushu 18 Year Old,£550,4.5,70cl / 43%Suntory Hibiki 12 Year Old,£550,5,70cl / 43%Nikka Taketsuru 21 Year Old,£600,5,70cl / 43%Suntory Yamazaki 18 Year Old,£650,5,70cl / 43%Suntory Yamazaki Bourbon Barrel
Bot.2013,£1,200,5,70cl / 48.2%Suntory Yamazaki Puncheon
Bot.2013,£1,200,3,70cl / 48%Karuizawa 1984
Bot.2013 Sherry Cask #3663,£6,000,5,70cl / 56.8%Karuizawa 1983
Bot.2014 Sherry Cask,£6,500,5,70cl / 59.1%Hanyu
The Joker Colour Label,£7,500,4.5,70cl / 57.7%